{
  "timestamp": "2026-02-21T19:02:08.875Z",
  "conversationsEvaluated": [
    "conv-26",
    "conv-30",
    "conv-43",
    "conv-44",
    "conv-47",
    "conv-48",
    "conv-49",
    "conv-50"
  ],
  "totalQuestions": 1189,
  "engram": {
    "overall": {
      "score": 79.57106812447539,
      "avgTokens": 775.9512195121952
    },
    "byCategory": {
      "single-hop": {
        "score": 76.65887850467269,
        "avgTokens": 795.1308411214953,
        "count": 214
      },
      "temporal": {
        "score": 73.62204724409423,
        "avgTokens": 754.2677165354331,
        "count": 254
      },
      "open-domain": {
        "score": 78.18181818181826,
        "avgTokens": 797.5974025974026,
        "count": 77
      },
      "multi-hop": {
        "score": 83.05124223602539,
        "avgTokens": 775.5419254658385,
        "count": 644
      }
    }
  },
  "fullContext": {
    "overall": {
      "score": 86.23212783852058,
      "avgTokens": 22975.734230445752
    },
    "byCategory": {
      "single-hop": {
        "score": 84.5560747663549,
        "avgTokens": 22912.19158878505,
        "count": 214
      },
      "temporal": {
        "score": 82.02755905511785,
        "avgTokens": 22320.673228346455,
        "count": 254
      },
      "open-domain": {
        "score": 76.10389610389616,
        "avgTokens": 23481.194805194806,
        "count": 77
      },
      "multi-hop": {
        "score": 89.65838509316806,
        "avgTokens": 23194.77639751553,
        "count": 644
      }
    }
  },
  "memoryMd": {
    "overall": {
      "score": 74.5164003364182,
      "avgTokens": 1373.2615643397812
    },
    "byCategory": {
      "single-hop": {
        "score": 69.22897196261661,
        "avgTokens": 1370.1261682242991,
        "count": 214
      },
      "temporal": {
        "score": 71.51574803149582,
        "avgTokens": 1389.8267716535433,
        "count": 254
      },
      "open-domain": {
        "score": 73.2467532467533,
        "avgTokens": 1458.7142857142858,
        "count": 77
      },
      "multi-hop": {
        "score": 77.6086956521745,
        "avgTokens": 1357.552795031056,
        "count": 644
      }
    }
  },
  "mem0Published": {
    "mem0": {
      "overall": 66.88,
      "singleHop": 67.13,
      "temporal": 55.51,
      "openDomain": 72.93,
      "multiHop": 51.15,
      "tokens": 1764
    },
    "mem0g": {
      "overall": 68.44,
      "singleHop": 65.72,
      "temporal": 58.13,
      "openDomain": 75.71,
      "multiHop": 51,
      "tokens": 3616
    },
    "fullContext": {
      "overall": 72.9,
      "tokens": 26031
    },
    "openai": {
      "overall": 52.9,
      "tokens": 4437
    },
    "zep": {
      "overall": 65.99,
      "tokens": 3911
    },
    "langMem": {
      "overall": 58.1,
      "tokens": 127
    },
    "aMem": {
      "overall": 48.38,
      "tokens": 2520
    },
    "bestRAG": {
      "overall": 60.97
    }
  },
  "comparison": {
    "engramVsMem0_overall_relative": "+19.0%",
    "engramVsMem0g_overall_relative": "+16.3%",
    "engramVsOpenAI_overall_relative": "+50.4%",
    "tokenSavingsVsFullContext": "96.6%",
    "engramTokensVsMem0": "56.0% fewer",
    "byCategory": {
      "single-hop": {
        "engram": "76.7",
        "mem0": "67.1",
        "delta": "+14.2%"
      },
      "temporal": {
        "engram": "73.6",
        "mem0": "55.5",
        "delta": "+32.6%"
      },
      "open-domain": {
        "engram": "78.2",
        "mem0": "72.9",
        "delta": "+7.2%"
      },
      "multi-hop": {
        "engram": "83.1",
        "mem0": "51.1",
        "delta": "+62.4%"
      }
    }
  },
  "caveats": [
    "Engram: 8/10 conversations; Mem0: 10/10 with 10 runs",
    "Different LLMs: Engram=Gemini 2.0 Flash, Mem0=GPT-4o-mini",
    "Scoring prompts may differ slightly"
  ]
}