{
  "timestamp": "2026-02-21T06:50:54.179Z",
  "llm": "gpt-4o-mini",
  "conversations": [
    "conv-26",
    "conv-30",
    "conv-41"
  ],
  "questions": 385,
  "scores": {
    "engram": {
      "overall": 59.116883116883066,
      "byCategory": {
        "single-hop": 45.675675675675684,
        "temporal": 65.11111111111111,
        "open-domain": 63.33333333333331,
        "multi-hop": 60.950000000000024
      }
    },
    "fullContext": {
      "overall": 76.75324675324678,
      "byCategory": {
        "single-hop": 71.35135135135134,
        "temporal": 54.1111111111111,
        "open-domain": 71.42857142857143,
        "multi-hop": 89.50000000000006
      }
    },
    "memoryMd": {
      "overall": 25.3506493506494,
      "byCategory": {
        "single-hop": 26.756756756756744,
        "temporal": 10.777777777777773,
        "open-domain": 62.85714285714283,
        "multi-hop": 27.450000000000014
      }
    }
  }
}