{
  "timestamp": "2026-02-21T04:14:57Z",
  "conversations": [
    "conv-26",
    "conv-30",
    "conv-41"
  ],
  "totalQuestions": 385,
  "matchedQuestions": 385,
  "mem0_overall": 34.25974025974025,
  "mem0_avgTokens": 176.24155844155845,
  "matched": {
    "mem0": 34.25974025974025,
    "engram": 80.03896103896109,
    "fullContext": 86.35064935064935,
    "memoryMd": 73.97402597402589
  }
}